Maintenance task ran at Tue Oct 21 01:19:38 UTC 2025
Maintenance task ran at Wed Oct 22 01:21:08 UTC 2025
Maintenance task ran at Thu Oct 23 01:19:05 UTC 2025
Maintenance task ran at Fri Oct 24 01:15:30 UTC 2025
Maintenance task ran at Sat Oct 25 01:16:36 UTC 2025
Maintenance task ran at Sun Oct 26 01:24:02 UTC 2025
Maintenance task ran at Mon Oct 27 01:25:32 UTC 2025
Maintenance task ran at Tue Oct 28 01:18:03 UTC 2025
Maintenance task ran at Wed Oct 29 01:23:11 UTC 2025
Maintenance task ran at Thu Oct 30 01:22:40 UTC 2025
Maintenance task ran at Fri Oct 31 01:20:15 UTC 2025
Maintenance task ran at Sat Nov  1 01:24:18 UTC 2025
Maintenance task ran at Sun Nov  2 01:25:16 UTC 2025
Maintenance task ran at Mon Nov  3 01:23:38 UTC 2025
Maintenance task ran at Tue Nov  4 01:20:38 UTC 2025
Maintenance task ran at Wed Nov  5 01:22:01 UTC 2025
Maintenance task ran at Thu Nov  6 01:21:46 UTC 2025
Maintenance task ran at Fri Nov  7 01:21:34 UTC 2025
Maintenance task ran at Sat Nov  8 01:17:09 UTC 2025
Maintenance task ran at Sun Nov  9 01:24:46 UTC 2025
Maintenance task ran at Mon Nov 10 01:24:38 UTC 2025
Maintenance task ran at Tue Nov 11 01:22:09 UTC 2025
Maintenance task ran at Wed Nov 12 01:21:38 UTC 2025
Maintenance task ran at Thu Nov 13 01:22:15 UTC 2025
Maintenance task ran at Fri Nov 14 01:21:50 UTC 2025
Maintenance task ran at Sat Nov 15 01:19:45 UTC 2025
Maintenance task ran at Sun Nov 16 01:26:54 UTC 2025
Maintenance task ran at Mon Nov 17 01:22:40 UTC 2025
Maintenance task ran at Tue Nov 18 01:21:39 UTC 2025
Maintenance task ran at Wed Nov 19 01:21:25 UTC 2025
Maintenance task ran at Thu Nov 20 01:20:13 UTC 2025
Maintenance task ran at Fri Nov 21 01:20:51 UTC 2025
Maintenance task ran at Sat Nov 22 01:18:06 UTC 2025
Maintenance task ran at Sun Nov 23 01:40:24 UTC 2025
Maintenance task ran at Mon Nov 24 01:26:51 UTC 2025
Maintenance task ran at Tue Nov 25 01:21:51 UTC 2025
Maintenance task ran at Wed Nov 26 01:22:05 UTC 2025
Maintenance task ran at Thu Nov 27 01:20:44 UTC 2025
Maintenance task ran at Fri Nov 28 01:20:11 UTC 2025
Maintenance task ran at Sat Nov 29 01:20:33 UTC 2025
Maintenance task ran at Sun Nov 30 01:39:41 UTC 2025
Maintenance task ran at Mon Dec  1 01:46:36 UTC 2025
Maintenance task ran at Tue Dec  2 01:23:37 UTC 2025
Maintenance task ran at Wed Dec  3 01:23:51 UTC 2025
Maintenance task ran at Thu Dec  4 01:23:52 UTC 2025
Maintenance task ran at Fri Dec  5 01:24:24 UTC 2025
